Rank,CCA3,Continent,Country/Territory,Area,Density,Growth Rate,World Population Percentage,MalePopulation,WorkingClassPopulation,FemalePopulation,ChildrenPopulation,TotalPopulation
3,USA,North America,United States,9372610,36.0935,1.0038,4.24,2731079,21871300,6007614,4870841,44903225
10,MEX,North America,Mexico,1964375,64.9082,1.0063,1.81,355723,1539960,325301,182919,2780469
39,CAN,North America,Canada,9984670,3.8513,1.0078,0.5,5340,44844,6531,3758,5579144
68,GTM,North America,Guatemala,108889,163.8725,1.0134,0.23,9477,25639,6864,3661,5540745
82,HTI,North America,Haiti,27750,417.4773,1.012,0.15,5327,31856,7331,4131,171774
84,DOM,North America,Dominican Republic,48671,230.7087,1.01,0.14,77716,187852,57716,22159,63301
85,CUB,North America,Cuba,109884,102.0366,0.9961,0.14,19545,79278,26873,14135,13859341
89,HND,North America,Honduras,112492,92.7431,1.015,0.13,57952,749529,417378,295173,10432860
106,NIC,North America,Nicaragua,130373,53.2962,1.0143,0.09,17587,63166,12695,5306,19397998
112,SLV,North America,El Salvador,21041,301.145,1.0035,0.08,189459,2749386,413637,258866,1850651
124,CRI,North America,Costa Rica,51100,101.3861,1.0052,0.07,954231,10718597,5850642,4150958,523787
128,PAN,North America,Panama,75417,58.4561,1.0132,0.06,533925,6673811,4315698,4004173,367507
136,PRI,North America,Puerto Rico,8870,366.675,0.9989,0.04,6661,48512,23244,11363,3398366
139,JAM,North America,Jamaica,10991,257.2447,0.9999,0.04,147932,1660648,453477,379989,37457971
153,TTO,North America,Trinidad and Tobago,5130,298.4491,1.0035,0.02,6362815,72930210,41735326,34830796,2093599
176,BHS,North America,Bahamas,13943,29.4043,1.0051,0.01,1451,2853,366,221,179857
177,BLZ,North America,Belize,22966,17.6466,1.0131,0.01,4605,26800,6808,3006,31791
178,GLP,North America,Guadeloupe,1628,243.0909,0.9992,0.01,16317,102515,27965,10453,5862
180,MTQ,North America,Martinique,1128,325.8041,0.9965,0,1010,3334,546,267,222382
186,BRB,North America,Barbados,430,654.9651,1.0015,0,532887,5965954,3330074,2570765,107118
189,CUW,North America,Curacao,444,430.5473,1.0043,0,264442,3109581,1729743,1188070,44175
190,LCA,North America,Saint Lucia,616,291.9756,1.0011,0,839234,3747982,641326,246005,5643453
193,GRD,North America,Grenada,344,364.6453,1.0066,0,434498,1161672,201332,100796,17597511
198,ABW,North America,Aruba,180,591.3611,0.9991,0,305990,3460212,2176125,1485838,21832143
199,VCT,North America,Saint Vincent and the Grenadines,389,267.2185,0.9963,0,9451269,26450400,4886323,1896972,46874204
200,VIR,North America,United States Virgin Islands,347,286.6427,0.9937,0,2429186,10961074,3328547,1562271,618040
201,ATG,North America,Antigua and Barbuda,442,212.1335,1.0058,0,1563322,16582108,8753122,7083969,10549347
204,DMA,North America,Dominica,751,96.8535,1.0045,0,1648352,4840793,892844,436494,23893394
205,CYM,North America,Cayman Islands,264,260.25,1.0084,0,985858,8410663,4885800,1892446,9952787
206,BMU,North America,Bermuda,54,1188.5926,1,0,3808032,14388027,2636309,971637,65497748
208,GRL,North America,Greenland,2166086,0.0261,1.004,0,1982485,21221284,12655372,10537304,1341296
211,KNA,North America,Saint Kitts and Nevis,261,182.5939,1.0011,0,267636,3224763,1673021,1270433,106858
212,TCA,North America,Turks and Caicos Islands,948,48.2099,1.0131,0,159,852,313,170,1531044
214,SXM,North America,Sint Maarten,34,1299.2647,1.003,0,169363,866862,195002,92323,85341241
220,MAF,North America,Saint Martin,53,599.8302,0.9951,0,769051,14236756,10125900,7689690,9441129
221,VGB,North America,British Virgin Islands,151,207.3179,1.0059,0,7573839,25240526,4090102,1797803,67508936
224,AIA,North America,Anguilla,91,174.2527,1.0066,0,56207480,175246610,44064944,19164416,3422794
228,BLM,North America,Saint Barthelemy,21,522.2381,1.0098,0,11887,123865,56966,45250,28301696
229,SPM,North America,Saint Pierre and Miquelon,242,24.2231,0.9964,0,2351346,13232072,4672340,2395933,98186856
230,MSR,North America,Montserrat,102,43.0392,0.9939,0,8531506,53125464,13836744,7368156,11572
