Rank,CCA3,Continent,Country/Territory,Area,Density,Growth Rate,World Population Percentage,MalePopulation,WorkingClassPopulation,FemalePopulation,ChildrenPopulation,TotalPopulation
7,BRA,South America,Brazil,8515767,25.2841,1.0046,2.74,1614,9691,1691,800,15857
28,COL,South America,Colombia,1141748,45.4339,1.0069,0.68,92992,1178702,464757,296539,215313498
33,ARG,South America,Argentina,2780400,16.3683,1.0052,0.59,562955,7398879,4394451,3567731,12889576
44,PER,South America,Peru,1285216,26.4933,1.0099,0.43,4492094,27361996,8536965,3670471,836774
51,VEN,South America,Venezuela,916445,30.882,1.0036,0.37,1763913,6373383,1340637,553017,10493986
65,CHL,South America,Chile,756102,25.9274,1.0057,0.25,270679,710820,128378,70679,3780
67,ECU,South America,Ecuador,276841,65.0229,1.0114,0.24,3774984,43125450,25316286,17797908,929766
80,BOL,South America,Bolivia,1098581,11.1272,1.012,0.15,6684,16578,3844,1802,125438
109,PRY,South America,Paraguay,406752,16.6705,1.0115,0.09,1507360,20129892,11016778,6913106,4268873
133,URY,South America,Uruguay,181034,18.9069,0.999,0.05,159695,733759,189359,66396,114164
164,GUY,South America,Guyana,214969,3.7621,1.0052,0.01,308841,4260339,1939469,1206503,115559009
170,SUR,South America,Suriname,163820,3.7727,1.0082,0.01,727933,1695139,388505,126654,974052
184,GUF,South America,French Guiana,83534,3.6459,1.0239,0,8397,81304,44089,30379,17316449
231,FLK,South America,Falkland Islands,12173,0.3105,1.0043,0,1521,5767,1652,753,575986
